author,total_relative_amplification,amplification_events
AMagicalKittyCat,0.7949662976846181,1
Aggressive1999,-2.2897804516573874,1
AlDente,-0.5517302867384755,1
Ask4MD,0.1553672316384181,2
AskRedditOG,-1.065262748786345,1
CaptainCanuck93,-0.2049188050259985,1
ChiefFun,-0.9557679727300123,1
Christianity-Forever,-1.894228505754972,1
Cisco324,-2.947182681225692,1
D-R-AZ,-0.9475789562112558,2
DecisionVisible7028,0.0,1
Disastrous-Object647,-1.0344092340758837,2
Down-not-out,-0.643569090800638,1
Equivalent-Ad8645,0.6561275135343217,4
GeneReddit123,-1.902806818669915,2
HeHateMe337,-12.51968742075577,4
Healthy_Block3036,-2.9634101192924716,2
Imicrowavebananas,-0.0133659761934179,1
John3262005,2.589062322163748,8
La-Sauge,0.0464259327948348,1
Lotus532,-0.7081185044249054,1
M_i_c_K,11.876753659865038,6
Navetoor,-0.484682397738418,1
NeolibsLoveBeans,0.6857503916082963,1
NoFocus4742,0.04173466830033569,2
Pinot_Greasio,0.0120166913248983,1
Plaintalks,-0.5047964186740567,1
Quirky_Chicken_1840,-1.8691895626983743,1
RGV_KJ,-1.9927018584608,2
Rock-n-roll-Kevin,-0.3130776850946756,1
SkudChud,-0.8123662043421795,1
SnoozeDoggyDog,0.8881343910305168,1
Specific-Menu8568,-2.8197232489005217,1
Spiderwig144,0.1282260838960542,1
Street_Anon,-5.363487431648121,2
TSHRED56,0.0032138417001333,1
TheWayToBeauty,0.8008397129779058,1
TrixoftheTrade,0.1398422511191643,1
Upstairs_Cup9831,0.8735073464358604,1
Zen1,-1.5586555124848342,1
amartin141,-0.0770319196886322,1
aslan_is_on_the_move,-0.3452004234470029,1
b01sh3v1k,0.1814130675984782,1
baby_budda,-1.874049369068033,1
backpackwayne,-0.4752842753319261,1
brushfirefred,-0.098615350455202,1
clamorous_owle,-0.5391051999150109,1
coinfanking,-0.3284405647549641,1
ctolsen,0.361089927260447,1
doobied-2000,-1.106207148613414,2
jazzjustice,-0.0817101480478952,1
juspassingby,-0.5088660377156854,1
karim12100,-27.538777040916948,1
lire_avec_plaisir,-9.171488625317947,2
ngoni,1.8600357699186525,1
nimobo,-0.8942776278944087,1
novel-boi,-0.1658576717400246,1
pgold05,0.272930757155869,1
quaifonaclit,-0.878392707030546,1
redditor01020,-1.0498471124444702,1
selah228,0.1044846978440194,1
shaiizan,-0.1438928417812047,1
the-senat,1.240813031726961,1
undercurrents,-1.2503405016317914,2
zsreport,-0.9441469219368565,1
